,geo
0,"(34.1086311, -118.7660445)"
1,"(33.8892144, -118.3228041)"
2,"(34.3871821, -118.1122679)"
3,"(33.957252, -118.448591)"
4,"(33.9525624, -118.2761258)"
5,"(34.3871821, -118.1122679)"
6,"(33.9164032, -118.3525748)"
7,
8,
9,"(33.989767, -118.2521176)"
10,"(34.1495807, -118.1361989)"
11,"(34.0907706, -118.3518347)"
12,"(33.8189293, -118.168734)"
13,"(34.0586224, -118.1947944)"
14,"(33.7990216, -118.1220703)"
15,"(34.3871821, -118.1122679)"
16,"(33.8862256, -118.1729449)"
17,"(33.968903, -118.2499421)"
18,"(33.8706237, -118.1969392)"
19,"(34.0768734, -118.3629105)"
20,"(34.0768734, -118.3629105)"
21,
22,"(34.0813573, -118.3832218)"
23,"(34.4360057, -118.5352938)"
24,"(33.878242, -118.1774202)"
25,"(33.9106237, -118.0190607)"
26,"(33.9678209, -118.1862695)"
27,"(33.9745764, -118.2497563)"
28,"(33.9745764, -118.2497563)"
29,"(33.9745764, -118.2497563)"
30,"(33.9745764, -118.2497563)"
31,"(33.9745764, -118.2497563)"
32,
33,"(34.0736028, -118.0684896)"
34,"(34.0116382, -117.9259946)"
35,"(34.0116382, -117.9259946)"
36,"(34.6781507, -118.097855)"
37,"(33.8748296, -118.1250286)"
38,"(34.6153063, -118.1499642)"
39,"(34.0821099, -118.9201109)"
40,"(33.8988005, -118.1797082)"
41,"(33.9412555, -118.2919286)"
42,"(33.9019764, -118.3047841)"
43,"(33.972977, -118.2311998)"
44,"(34.3871821, -118.1122679)"
45,"(34.3871821, -118.1122679)"
46,"(34.5866814, -118.1208826)"
47,"(33.9044116, -118.1969641)"
48,"(33.8912275, -118.0903162)"
49,"(34.561221, -118.0333762)"
50,"(33.9461169, -118.3549254)"
51,"(33.9080951, -118.1828971)"
52,"(33.9563293, -118.2473898)"
53,"(33.9563293, -118.2473898)"
54,"(34.0591544, -118.2454525)"
55,"(34.0591544, -118.2454525)"
56,"(34.1903377, -118.1493451)"
57,"(34.1903377, -118.1493451)"
58,"(33.9485033, -118.3087006)"
59,"(33.9295878, -118.2088138)"
60,"(33.9154925, -118.2674471)"
61,"(34.0337103, -117.9585854)"
62,"(34.0337103, -117.9585854)"
63,"(33.9221162, -118.3142278)"
64,"(33.9221162, -118.3142278)"
65,"(34.6812208, -118.1503254)"
66,"(34.6883924, -118.164015)"
67,"(34.6883924, -118.164015)"
68,"(33.8690064, -118.1713943)"
69,"(34.0546654, -118.0951194)"
70,"(34.0546654, -118.0951194)"
71,"(34.0546654, -118.0951194)"
72,"(33.9188096, -118.2595026)"
73,"(33.9832848, -118.2564521)"
74,"(33.8472864, -118.2379323)"
75,"(34.7564516, -118.796584)"
76,"(33.9461455, -118.2921868)"
77,"(33.8204565, -118.3086524)"
78,"(33.9505039, -118.2542434)"
79,"(33.8708362, -118.0748902)"
80,"(34.1241028, -118.4642107)"
81,"(33.9192735, -118.3091698)"
82,"(33.9846214, -118.2561473)"
83,"(34.3871821, -118.1122679)"
84,"(33.9388059, -118.3443742)"
85,"(34.0526555, -118.2182574)"
86,"(33.8316745, -118.281693)"
87,"(33.9608217, -118.169666)"
88,"(33.923592, -118.2037242)"
89,"(33.923592, -118.2037242)"
90,"(34.3871821, -118.1122679)"
91,"(34.3871821, -118.1122679)"
92,"(34.1209243, -117.9910271)"
93,"(33.9669506, -118.2248164)"
94,"(33.9940836, -117.9235077)"
95,"(34.21598, -118.239961)"
96,"(34.0462121, -118.4439236)"
97,"(34.69299050000001, -118.1657639)"
98,"(33.9372516, -118.2578244)"
99,"(33.928494, -118.2108969)"
100,"(34.1245206, -117.9956435)"
101,"(34.1832116, -118.1457365)"
102,"(33.9436252, -118.1373898)"
103,"(33.9048781, -118.2248846)"
104,"(34.0581913, -118.1739575)"
105,"(33.8674493, -118.1114488)"
106,"(33.7423936, -118.2879105)"
107,"(33.864716, -118.3025904)"
108,"(34.1001348, -117.8576553)"
109,"(34.3432173, -118.3607199)"
110,"(34.0914302, -118.3659477)"
111,"(33.7808105, -118.3098387)"
112,"(34.0405995, -118.1670319)"
113,"(33.9273128, -118.2105195)"
114,"(33.9260011, -118.2362911)"
115,"(33.9260011, -118.2362911)"
116,"(33.9623669, -118.2001327)"
117,"(33.9409915, -118.3631961)"
118,"(33.9601093, -118.2539967)"
119,"(34.02014500000001, -118.1651083)"
120,"(33.9319599, -118.2484059)"
121,"(33.9418179, -118.3613531)"
122,"(33.9074519, -118.2674209)"
123,"(33.9074519, -118.2674209)"
124,"(34.6930732, -118.1303457)"
125,"(34.034865, -117.9745698)"
126,"(34.0679377, -118.8074777)"
127,"(34.0679377, -118.8074777)"
128,"(33.9532805, -118.2396832)"
129,"(34.2235429, -118.2432701)"
130,"(33.98679, -117.8234178)"
131,"(33.8563408, -118.0704593)"
132,
133,"(33.9487271, -118.0416267)"
134,"(33.9130577, -118.2015544)"
135,"(33.9130577, -118.2015544)"
136,"(33.9130577, -118.2015544)"
137,"(34.053813, -117.9611779)"
138,"(33.9609867, -118.2418082)"
139,"(34.5823792, -118.1372255)"
140,"(33.9301812, -118.2109489)"
141,"(33.9577979, -118.2311036)"
142,"(34.6921938, -118.1053389)"
143,"(33.9747789, -118.1128033)"
144,"(34.5137767, -117.9924726)"
145,"(34.0014517, -118.1631332)"
146,"(34.0228087, -118.4101543)"
147,"(33.7476563, -118.3740044)"
148,"(33.8757286, -118.0805664)"
149,"(33.9615417, -118.1109402)"
150,"(33.7793128, -118.1486274)"
151,"(34.045915, -118.1823226)"
152,"(34.045915, -118.1823226)"
153,"(33.8465914, -118.2237867)"
154,"(34.0919665, -118.3024909)"
155,"(34.3871821, -118.1122679)"
156,
157,
158,"(33.9124647, -118.1952023)"
159,"(34.0122453, -117.9082277)"
160,"(33.9147975, -118.2091548)"
161,"(33.9235262, -118.2052303)"
162,"(33.9235262, -118.2052303)"
163,"(34.014819, -118.1629994)"
164,"(34.014819, -118.1629994)"
165,"(33.9723046, -118.2519094)"
166,"(33.9723046, -118.2519094)"
167,"(33.9309143, -118.2979)"
168,"(34.3871821, -118.1122679)"
169,"(34.6749512, -118.1523958)"
170,"(34.011363, -118.1604956)"
171,"(33.9217052, -118.2013923)"
172,"(33.95793020000001, -118.2918057)"
173,"(33.7894857, -118.3112456)"
174,"(34.1678639, -118.584778)"
175,"(33.7649231, -118.3010184)"
176,"(34.0215966, -118.1517073)"
177,"(34.0387536, -118.0823213)"
178,"(34.0089242, -118.2228687)"
179,"(34.6106352, -118.2477453)"
180,"(33.945391, -118.3591412)"
181,"(33.8789068, -118.0769856)"
182,"(34.0559794, -118.1770584)"
183,"(34.0559794, -118.1770584)"
184,"(33.9022639, -118.0612153)"
185,"(33.9281759, -118.1295429)"
186,"(33.9612485, -118.2916045)"
187,"(34.0928472, -118.379064)"
188,"(34.0163163, -118.1446402)"
189,"(32.2676451, -109.231934)"
190,"(33.983307, -118.070586)"
191,"(34.0053248, -118.0731012)"
192,"(34.2111445, -118.2321557)"
193,"(33.9873833, -118.4540242)"
194,"(33.8261093, -118.1837781)"
195,"(34.0012138, -118.3332449)"
196,"(34.0321951, -118.1469571)"
197,"(34.085425, -118.0344978)"
198,"(33.91852, -118.202442)"
199,"(33.8548762, -118.2417708)"
200,"(33.8305075, -118.2777847)"
201,"(34.0767102, -118.0730452)"
202,"(33.9030102, -118.3206461)"
203,"(34.6867055, -118.1506442)"
204,"(33.9170775, -118.0699729)"
205,"(34.3871821, -118.1122679)"
206,"(34.3871821, -118.1122679)"
207,"(34.0801114, -118.0645854)"
208,"(34.1305487, -118.0693319)"
209,"(34.438523, -118.405587)"
210,"(33.8913705, -118.2938919)"
211,"(34.0954474, -118.055924)"
212,"(33.9878734, -118.2514767)"
213,"(33.8321281, -118.2961467)"
214,"(33.9855525, -118.2480734)"
215,"(33.9855864, -118.2473781)"
216,"(33.9892234, -118.2325504)"
217,"(33.9435929, -118.3087765)"
218,"(33.9346971, -118.3001151)"
219,"(33.9346971, -118.3001151)"
220,"(34.0190058, -118.0347181)"
221,"(33.9861428, -118.252122)"
222,"(33.9857167, -118.2477516)"
223,"(33.9857167, -118.2477516)"
224,"(33.9857167, -118.2477516)"
225,"(34.2215414, -118.2307484)"
226,"(34.1495807, -118.1361989)"
227,"(33.8741773, -118.1501426)"
228,"(34.1355278, -118.6448505)"
229,"(33.923878, -118.3562955)"
230,"(34.3871821, -118.1122679)"
231,"(34.095079, -118.3654722)"
232,"(33.9565353, -118.2564324)"
233,"(33.9042581, -118.1581144)"
234,"(34.3866051, -118.6003453)"
235,"(33.8887519, -118.3556677)"
236,"(34.0517393, -117.9997044)"
237,"(34.001156, -117.8105272)"
238,"(34.3871821, -118.1122679)"
239,"(34.3871821, -118.1122679)"
240,"(33.9650713, -118.2224247)"
241,"(34.0636116, -118.0841894)"
242,"(34.041074, -118.2438032)"
243,"(34.0082448, -118.0998536)"
244,"(33.9228312, -118.1846665)"
245,"(34.5744044, -117.9651487)"
246,"(34.3871821, -118.1122679)"
247,"(33.9866064, -118.059857)"
248,"(33.9323272, -118.201821)"
249,"(33.8197949, -118.280773)"
250,"(33.9381914, -118.3624527)"
251,"(33.9971015, -118.1717376)"
252,"(34.1065978, -117.8891746)"
253,"(33.9175785, -118.29157)"
254,"(33.9175785, -118.29157)"
255,"(34.6605082, -118.1033834)"
256,"(33.9293382, -118.2390503)"
257,"(33.8764495, -118.0358992)"
258,"(33.9431113, -118.0464478)"
259,"(33.8582436, -118.2660083)"
260,"(34.5395537, -117.9657353)"
261,"(33.8771579, -118.3363406)"
262,"(34.3871821, -118.1122679)"
263,"(34.0804873, -118.089666)"
264,"(34.0358335, -118.0367225)"
265,"(33.9168337, -118.3074187)"
266,"(33.8959318, -118.2029335)"
267,"(33.8959318, -118.2029335)"
268,"(34.0699911, -118.027081)"
269,"(34.1118788, -118.0106834)"
270,"(33.8956976, -118.2290892)"
271,"(33.9904655, -118.255505)"
272,"(33.9904655, -118.255505)"
273,"(33.9271369, -118.0307305)"
274,"(33.9211795, -118.291835)"
275,"(33.9211795, -118.291835)"
276,"(33.9957861, -118.1484056)"
277,"(33.8968357, -118.2339022)"
278,"(34.0789546, -117.7569403)"
279,"(33.8550868, -118.1968493)"
280,"(33.886637, -118.2523751)"
281,"(34.5730586, -117.7971027)"
282,"(34.5614185, -118.0667775)"
283,"(33.9852247, -118.2564744)"
284,"(33.9185063, -118.2291886)"
285,"(34.090071, -117.9579885)"
286,"(34.0814068, -117.9801149)"
287,"(33.8978801, -118.2420951)"
288,"(34.125001, -117.9932686)"
289,"(34.125001, -117.9932686)"
290,"(33.9320039, -118.1933083)"
291,"(33.8963719, -118.1956526)"
292,"(34.057505, -117.9118819)"
293,"(33.9093535, -118.208869)"
294,"(33.9093535, -118.208869)"
295,"(34.4206666, -118.5641539)"
296,"(34.4206666, -118.5641539)"
297,"(33.9469864, -118.308971)"
298,"(34.0164779, -117.9112123)"
299,"(33.8983538, -118.2106084)"
300,"(34.0255335, -118.332635)"
301,"(33.9189984, -118.0925966)"
302,"(33.9189984, -118.0925966)"
303,"(33.9036228, -118.0873538)"
304,"(33.9036228, -118.0873538)"
305,"(34.0743011, -117.9390025)"
306,"(33.89224859999999, -118.2600631)"
307,"(34.072424, -118.0996166)"
308,"(33.8426616, -118.2989274)"
309,"(33.925057, -118.2932456)"
310,"(34.4113695, -118.55764)"
311,"(33.8319466, -118.2726726)"
312,"(33.8963758, -118.225022)"
313,"(33.9351343, -118.2379839)"
314,"(34.70063, -118.1205068)"
315,"(33.9440985, -118.2962315)"
316,"(33.9145087, -118.2049413)"
317,"(33.9096333, -118.2164055)"
318,"(33.9096333, -118.2164055)"
319,"(34.3871821, -118.1122679)"
320,"(34.3871821, -118.1122679)"
321,"(33.8836254, -118.2232224)"
322,"(33.8405981, -118.1611318)"
323,"(34.0748641, -118.0907211)"
324,"(33.9135697, -118.1899607)"
325,"(34.0009288, -118.2424495)"
326,"(34.0010943, -118.2431005)"
327,"(33.9828142, -118.1053423)"
328,"(33.8958665, -118.2441469)"
329,"(33.8924038, -118.2013735)"
330,"(34.1068056, -117.9075974)"
331,"(34.0367927, -118.0771309)"
332,"(33.8332489, -118.2217467)"
333,"(34.3871821, -118.1122679)"
334,"(33.8698474, -118.1422486)"
335,"(33.9183293, -118.2918464)"
336,"(33.8049449, -118.263939)"
337,"(34.024553, -118.141402)"
338,"(33.9309774, -118.2903817)"
339,"(33.9309774, -118.2903817)"
340,"(33.9078782, -118.2084841)"
341,"(33.8983925, -118.1175176)"
342,"(34.5809465, -118.0753693)"
343,"(34.0483836, -118.4544006)"
344,"(33.9198771, -118.2103111)"
345,"(34.0813671, -118.1518742)"
346,"(34.5794526, -118.1287712)"
347,"(34.0583056, -118.3602193)"
348,"(33.9152894, -118.2709318)"
349,"(33.9572578, -118.249646)"
350,"(34.6932023, -118.1838878)"
351,"(33.9221378, -118.2342776)"
352,"(33.9221378, -118.2342776)"
353,"(33.9015594, -118.3596271)"
354,"(33.91980420000001, -118.2280546)"
355,"(34.0487429, -118.190796)"
356,"(34.0487429, -118.190796)"
357,"(34.7022977, -118.1359674)"
358,"(33.8954744, -118.2553442)"
359,"(33.8954744, -118.2553442)"
360,"(33.911124, -118.2380464)"
361,"(33.7865632, -118.2104954)"
362,"(33.7865632, -118.2104954)"
363,"(34.0837424, -118.4121869)"
364,"(34.0082546, -118.0832814)"
365,"(33.8986164, -118.2525773)"
366,"(33.8986164, -118.2525773)"
367,"(34.0388642, -118.039844)"
368,"(33.9016306, -118.2020191)"
369,"(33.8747522, -118.1425074)"
370,"(34.6608712, -118.3971528)"
371,"(33.9381912, -118.3613446)"
372,"(34.0310215, -118.3324304)"
373,"(33.8080115, -118.2904558)"
374,"(33.9494852, -118.2534617)"
375,"(34.5776285, -118.1161033)"
376,"(33.9034093, -118.2511348)"
377,"(33.8829359, -118.1383077)"
378,"(34.8582497, -118.1623312)"
379,"(33.9019845, -118.2322449)"
380,"(34.0508867, -118.1067286)"
381,"(33.9023576, -118.2183727)"
382,"(34.5830046, -118.0686853)"
383,"(33.86861530000001, -118.0616487)"
384,"(34.042547, -118.1732588)"
385,"(33.9658097, -118.2461019)"
386,"(34.0301884, -118.4375256)"
387,"(33.7641538, -118.2710687)"
388,"(34.685576, -118.1490379)"
389,"(33.9384452, -118.3616008)"
390,"(33.8062075, -118.1969881)"
391,"(33.9019708, -118.1872795)"
392,"(34.0132169, -118.1445833)"
393,"(34.0132169, -118.1445833)"
394,"(33.9025753, -118.2020846)"
395,"(33.8827614, -118.2041272)"
396,"(33.8827614, -118.2041272)"
397,"(34.05727340000001, -118.1834789)"
398,"(33.9599586, -118.2039867)"
399,"(33.9176966, -118.2390251)"
400,"(33.9164479, -118.3240834)"
401,"(33.9059162, -118.2740262)"
402,"(34.0332342, -118.1858076)"
403,"(34.0332342, -118.1858076)"
404,"(33.9870284, -118.2521211)"
405,"(33.9097568, -118.3266066)"
406,"(33.9530001, -118.2469826)"
407,"(34.03923, -118.2633474)"
408,"(34.1360303, -118.028058)"
409,"(34.1360303, -118.028058)"
410,"(33.8964104, -118.2582597)"
411,"(33.8819526, -118.1686735)"
412,"(33.9356846, -118.3600178)"
413,"(33.9322068, -118.2138274)"
414,"(33.9144098, -118.1414328)"
415,"(33.941166, -118.2145406)"
416,"(33.9418545, -118.3177662)"
417,"(34.0673793, -118.0804929)"
418,"(33.9064611, -118.1032384)"
419,"(33.9819535, -118.1861081)"
420,"(33.9162305, -118.2462268)"
421,"(34.3871821, -118.1122679)"
422,"(34.0453428, -118.1721561)"
423,"(34.0278282, -118.2537149)"
424,"(33.9076759, -118.2893994)"
425,"(34.0553863, -118.0850506)"
426,"(33.8109274, -118.2719954)"
427,"(34.0742289, -118.0588789)"
428,"(34.0560614, -118.3428884)"
429,"(33.9164485, -118.3090482)"
430,"(33.9164485, -118.3090482)"
431,"(33.9340287, -118.222806)"
432,"(33.9018063, -118.2158995)"
433,"(34.3871821, -118.1122679)"
434,"(33.9284074, -118.3114667)"
435,"(33.9034448, -118.2171901)"
436,"(33.8887362, -118.208895)"
437,"(33.9158543, -118.294882)"
438,"(33.9749437, -118.2461693)"
439,"(34.0225268, -118.1883171)"
440,"(34.5872553, -118.1097278)"
441,"(33.8702517, -118.1172292)"
442,"(33.8702517, -118.1172292)"
443,"(33.8767441, -118.1565513)"
444,"(34.0768729, -118.0013254)"
445,"(34.0367218, -118.1305257)"
446,"(33.9073749, -118.1971765)"
447,"(33.815897, -118.2615529)"
448,"(33.9358262, -118.2068211)"
449,"(33.9716354, -118.0711209)"
450,"(33.925237, -118.297151)"
451,"(34.0492508, -118.2332421)"
452,"(33.8890183, -118.1916448)"
453,"(33.9171315, -118.0134663)"
454,"(34.1112764, -117.8960711)"
455,"(33.8818087, -118.3428741)"
456,"(33.7589787, -117.9900995)"
457,"(34.11220840000001, -117.9145059)"
458,"(33.9992188, -117.9390212)"
459,"(33.93859339999999, -118.2520748)"
460,"(33.93859339999999, -118.2520748)"
461,"(33.93859339999999, -118.2520748)"
462,"(34.0238914, -118.1927337)"
463,"(34.0238914, -118.1927337)"
464,"(34.0238914, -118.1927337)"
465,"(34.0238914, -118.1927337)"
466,"(34.0238914, -118.1927337)"
467,"(34.0238914, -118.1927337)"
468,"(33.9382409, -118.2390398)"
469,"(33.8822241, -118.2833651)"
470,"(33.9059311, -118.2673036)"
471,"(33.8570512, -118.0723051)"
472,"(33.8570512, -118.0723051)"
473,"(33.953993, -118.2065051)"
474,"(33.953993, -118.2065051)"
475,"(33.9771645, -118.1980936)"
476,"(34.0496945, -118.1939057)"
477,"(34.0221996, -118.1657485)"
478,"(34.557507, -117.9198964)"
479,"(33.8295143, -118.0773666)"
480,"(33.7904935, -118.3076794)"
481,"(34.3871821, -118.1122679)"
482,"(34.0163962, -118.1869225)"
483,"(34.1566487, -117.9108739)"
484,"(34.1566487, -117.9108739)"
485,"(34.19313820000001, -118.1340661)"
486,"(33.8876655, -118.1225214)"
487,"(34.0177288, -117.9169115)"
488,"(33.8339736, -118.1635173)"
489,
490,
491,
492,"(34.4382114, -118.3374917)"
493,"(33.8921528, -118.2652779)"
494,"(33.9339178, -118.2781293)"
495,"(33.8724112, -118.1107705)"
496,"(34.3779786, -118.5670429)"
497,"(33.92345, -118.2537358)"
498,"(33.9574334, -118.2607896)"
499,"(34.69317, -118.1635426)"
500,"(34.0907609, -118.3670156)"
501,"(34.0149475, -118.1636436)"
502,"(33.9212661, -118.2097377)"
503,"(33.9860734, -118.2171276)"
504,"(33.908373, -118.289382)"
505,"(34.196634, -118.1572044)"
506,"(34.3871821, -118.1122679)"
507,"(33.9210808, -118.2439689)"
508,"(33.8859171, -118.2262668)"
509,"(33.9087635, -118.2106293)"
510,"(33.988105, -117.9011832)"
511,"(33.79703, -118.27507)"
512,"(34.0422387, -118.1646821)"
513,"(34.6470748, -118.2522626)"
514,"(33.9662379, -118.2584046)"
515,"(34.0997933, -118.0103572)"
516,"(34.0443783, -118.1780137)"
517,"(34.3871821, -118.1122679)"
518,"(34.1028307, -118.0297353)"
519,"(34.3871821, -118.1122679)"
520,"(34.1780362, -118.1309891)"
521,"(34.0330312, -118.1688976)"
522,"(34.0471312, -117.9927488)"
523,"(34.6018743, -118.120063)"
524,"(33.8388325, -118.1051288)"
525,"(33.9162496, -118.2888193)"
526,"(34.1423198, -118.0729534)"
527,"(34.1423198, -118.0729534)"
528,"(33.9246528, -118.2826032)"
529,"(33.9710617, -118.2576801)"
530,"(33.9710617, -118.2576801)"
531,"(33.953147, -118.2518855)"
532,"(34.5689397, -118.1274225)"
533,"(33.9311292, -118.2462986)"
534,"(34.091024, -118.3900535)"
535,"(33.9719364, -118.2347079)"
536,"(33.9719364, -118.2347079)"
537,"(33.927246, -118.2537733)"
538,"(34.0319815, -118.2322659)"
539,"(33.915792, -118.3438919)"
540,"(33.9695543, -118.2009606)"
541,"(34.0382254, -118.2811498)"
542,"(34.2356516, -118.4850743)"
543,"(33.8873883, -118.254848)"
544,"(33.8726862, -118.0565299)"
545,"(33.8726862, -118.0565299)"
546,"(34.5670515, -118.0740379)"
547,"(33.9066319, -118.006778)"
548,"(34.0072524, -117.8980572)"
549,"(33.9260494, -118.0957124)"
550,"(33.9274128, -118.0821518)"
551,"(34.1757833, -118.4510348)"
552,"(34.1757833, -118.4510348)"
553,"(34.1757833, -118.4510348)"
554,"(34.0729063, -118.2311759)"
555,"(34.0347984, -117.9749033)"
556,"(33.768628, -118.4034544)"
557,"(34.0387923, -118.2763069)"
558,"(34.0813653, -118.0679014)"
559,"(33.9095722, -118.1585794)"
560,"(33.928135, -118.2526927)"
561,"(34.6861442, -118.1483782)"
562,"(33.9025025, -118.2301377)"
563,"(33.9381926, -118.3602396)"
564,"(34.6996029, -118.1327206)"
565,"(33.9047422, -118.2143664)"
566,"(34.0137113, -118.0810025)"
567,"(33.8827429, -118.1604027)"
568,"(33.9867796, -118.0939775)"
569,"(33.877905, -118.066958)"
570,"(33.9017158, -118.253166)"
571,"(33.94244090000001, -118.2351296)"
572,"(33.8340556, -118.0765367)"
573,"(33.7989458, -118.1948183)"
574,"(34.6033751, -117.8315931)"
575,"(34.3871821, -118.1122679)"
576,"(33.8814862, -118.2277776)"
577,"(33.8814862, -118.2277776)"
578,"(33.9053097, -118.2363283)"
579,"(33.9053097, -118.2363283)"
580,"(33.7865675, -118.2726194)"
581,"(33.7865675, -118.2726194)"
582,"(33.8880867, -118.2399481)"
583,"(33.9189754, -118.1886731)"
584,"(33.9098829, -118.2078873)"
585,"(33.8915728, -118.2070649)"
586,"(34.5826089, -118.1221299)"
587,"(33.917401, -118.3004115)"
588,"(33.8983538, -118.2106084)"
589,"(33.8903635, -118.1337744)"
590,"(33.7826805, -118.2154856)"
591,"(33.8366606, -118.2853527)"
592,"(33.7826805, -118.2154856)"
593,"(34.3871821, -118.1122679)"
594,"(34.3871821, -118.1122679)"
595,"(34.04074430000001, -118.0367498)"
596,"(34.04074430000001, -118.0367498)"
597,"(33.7954374, -118.1890797)"
598,"(33.8847925, -118.1477404)"
599,"(33.9504805, -118.3482959)"
600,"(34.037243, -118.1592224)"
601,"(33.8969569, -118.1999771)"
602,"(33.8969569, -118.1999771)"
603,"(33.8969569, -118.1999771)"
604,"(34.7178861, -118.1475295)"
605,"(33.9217009, -118.2390138)"
606,"(33.9053456, -118.1947954)"
607,"(33.9658161, -118.2499385)"
608,"(33.9658161, -118.2499385)"
609,"(33.9658161, -118.2499385)"
610,"(33.9251699, -118.246287)"
611,"(33.9750738, -118.074743)"
612,"(34.0015525, -118.0897577)"
613,
614,"(34.0117426, -117.8599436)"
615,"(33.8427075, -118.2965806)"
616,"(33.9163371, -118.198059)"
617,"(33.9303672, -118.2923856)"
618,"(34.0533186, -118.2208428)"
619,"(33.9700821, -118.195207)"
620,"(33.9016349, -118.171762)"
621,"(33.9847322, -118.2448573)"
622,"(33.8983143, -118.2055208)"
623,"(33.9441016, -118.2919227)"
624,"(34.0346485, -117.9465421)"
625,"(33.899406, -118.2434599)"
626,"(34.5476488, -117.9191885)"
627,"(33.9813007, -118.0638826)"
628,"(33.88436009999999, -118.2060513)"
629,"(33.9086581, -118.234286)"
630,"(34.0527907, -118.1783903)"
631,"(34.0346353, -118.3788021)"
632,"(34.4849186, -118.6366393)"
633,"(33.884957, -118.1178442)"
634,"(33.945385, -118.343563)"
635,"(33.9884531, -118.1983132)"
636,"(34.0510154, -118.2326823)"
637,"(34.0553863, -118.0850506)"
638,"(34.1189662, -117.9927847)"
639,"(34.1189662, -117.9927847)"
640,"(33.8844449, -118.0777371)"
641,"(33.9180221, -118.2321282)"
642,"(34.4159695, -118.4586707)"
643,"(34.0313233, -118.3876371)"
644,"(34.0097621, -117.8848341)"
645,"(33.7901195, -118.1776789)"
646,"(33.7901195, -118.1776789)"
647,
648,"(34.67163230000001, -118.1593072)"
649,"(33.8867736, -118.2259193)"
650,"(34.1904391, -118.3018327)"
651,"(34.3871821, -118.1122679)"
652,"(33.93627439999999, -118.2097896)"
653,"(33.9913126, -118.1953798)"
654,"(34.0365093, -118.1849257)"
655,"(34.0949158, -118.3735301)"
656,"(33.88051859999999, -118.2043472)"
657,"(34.1436372, -118.3977294)"
658,"(33.8983564, -118.2095299)"
659,"(33.8983564, -118.2095299)"
660,"(34.1436372, -118.3977294)"
661,"(34.3871821, -118.1122679)"
662,"(33.8421788, -118.277304)"
663,"(33.8958492, -118.2200712)"
664,"(33.9933807, -118.0870041)"
665,"(33.9933807, -118.0870041)"
666,"(34.0256172, -118.2730288)"
667,"(33.9262323, -118.2736547)"
668,"(33.8742828, -118.1461971)"
669,"(33.8734296, -118.2143704)"
670,"(33.9722444, -118.2560605)"
671,"(34.0172308, -118.1629468)"
672,"(33.9005188, -118.1582666)"
673,"(33.8814651, -118.3307926)"
674,"(34.6157063, -118.204669)"
675,"(34.0180286, -118.1569825)"
676,"(34.0180286, -118.1569825)"
677,"(33.8073676, -118.2709572)"
678,"(33.8948915, -118.2764091)"
679,"(34.3700734, -118.5082173)"
680,"(33.8523642, -118.2460768)"
681,"(34.180927, -118.1360596)"
682,"(34.3227079, -118.4746692)"
683,"(33.83399, -118.2502224)"
684,"(34.0279162, -118.2734684)"
685,"(33.9459661, -118.2959285)"
686,"(33.9398845, -118.2915952)"
687,"(33.9436174, -118.29139)"
688,"(33.9556208, -118.2329304)"
689,"(34.0532606, -118.0437525)"
690,"(33.8758062, -118.0504507)"
691,"(34.1862367, -118.4884996)"
692,"(34.1288571, -117.8901702)"
693,"(33.8882544, -118.2458084)"
694,"(34.6704221, -118.1851177)"
695,"(33.8332838, -118.0720472)"
696,"(33.8565332, -118.1237725)"
697,"(34.1384642, -118.0813135)"
698,"(33.9722633, -118.0551494)"
699,"(33.89195, -118.2362157)"
700,"(33.89195, -118.2362157)"
701,"(33.9548395, -118.1137766)"
702,"(33.9093574, -118.1163387)"
703,"(33.8900516, -118.1929967)"
704,"(34.0303218, -118.0070809)"
705,"(34.0312098, -117.9160944)"
706,"(33.93483459999999, -118.2811316)"
707,"(34.0399401, -118.0828234)"
708,"(33.9170356, -118.0817528)"
709,"(33.9170356, -118.0817528)"
710,"(33.917216, -118.2097506)"
711,"(34.5713298, -118.0445866)"
712,"(33.8865236, -118.262054)"
713,"(34.7056089, -118.150106)"
714,"(34.4195922, -118.4599337)"
715,"(33.8905579, -118.2042314)"
716,"(34.6820368, -118.079746)"
717,"(34.0215441, -118.1636107)"
718,"(33.8939091, -118.1750984)"
719,"(33.8939091, -118.1750984)"
720,"(33.88705059999999, -118.1004354)"
721,"(33.9447021, -118.3523585)"
722,"(33.92346730000001, -118.2892798)"
723,"(33.9810723, -118.241561)"
724,"(34.0123869, -118.127007)"
725,"(33.9944587, -118.1932718)"
726,"(33.883738, -118.141026)"
727,"(33.9090423, -118.2391811)"
728,"(34.4925054, -118.6182288)"
729,"(33.9428423, -118.3611218)"
730,"(34.22122969999999, -118.4292234)"
731,"(33.899208, -118.2399761)"
732,"(33.9624998, -118.2431283)"
733,"(33.78954970000001, -118.3254232)"
734,"(34.0140235, -118.4913573)"
735,"(34.6844259, -118.1914156)"
736,"(33.9257124, -118.1073516)"
737,"(34.2453807, -118.5696033)"
738,"(33.9086534, -117.9771746)"
739,"(33.8971735, -118.1796974)"
740,"(33.9579229, -118.2959125)"
741,"(33.9789661, -117.9760915)"
742,"(34.0215442, -118.1626316)"
743,"(34.0183682, -118.0634902)"
744,"(33.8961155, -118.2331077)"
745,"(34.3871821, -118.1122679)"
746,"(34.3871821, -118.1122679)"
747,"(34.024073, -118.1573331)"
748,"(34.2040125, -118.4483226)"
749,"(33.9879041, -118.3667883)"
750,"(33.9588047, -118.0507362)"
751,"(34.1029991, -118.0758684)"
752,"(34.3871821, -118.1122679)"
753,"(34.3871821, -118.1122679)"
754,"(33.9545238, -118.246732)"
755,"(33.90264860000001, -118.2165047)"
756,"(34.5816243, -118.1116424)"
757,"(33.9909681, -118.0899955)"
758,"(34.5774466, -118.0984249)"
759,"(33.9339574, -118.1823619)"
760,"(33.9310253, -118.2477881)"
761,"(34.0223958, -117.9119712)"
762,"(34.0626156, -117.9768539)"
763,"(34.2209973, -118.5186351)"
764,"(33.9102245, -118.2336242)"
765,"(33.8803905, -118.0797627)"
766,"(34.3760652, -118.5090542)"
767,"(33.9364755, -118.265182)"
768,"(33.8638835, -118.0724204)"
769,"(33.8854654, -118.2058806)"
770,"(33.9384838, -118.2967457)"
771,"(33.873172, -118.0726335)"
772,"(34.0336286, -118.1564733)"
773,"(34.3871821, -118.1122679)"
774,"(34.0337039, -118.0475706)"
775,"(34.0200036, -118.1424208)"
776,"(34.0613445, -118.0527997)"
777,"(34.0595733, -118.0642515)"
778,"(33.9727705, -118.0863938)"
779,"(33.8514174, -118.1331004)"
780,"(34.3871821, -118.1122679)"
781,"(33.9017988, -118.2000489)"
782,"(33.9017988, -118.2000489)"
783,"(33.9381994, -118.3569887)"
784,"(34.0235555, -118.1900207)"
785,"(34.0235555, -118.1900207)"
786,"(34.0235555, -118.1900207)"
787,"(33.902579, -118.2362764)"
788,"(34.0503079, -118.1870746)"
789,"(33.9105796, -118.2094867)"
790,"(34.3871821, -118.1122679)"
791,"(34.026785, -118.0352069)"
792,"(34.6848354, -118.192542)"
793,"(34.6963615, -118.137188)"
794,"(33.9702775, -118.2226663)"
795,"(34.5629868, -118.0568892)"
796,"(33.8883288, -118.2345589)"
797,"(33.8883288, -118.2345589)"
798,"(34.0086917, -118.2049338)"
799,"(34.0086917, -118.2049338)"
800,"(34.0086917, -118.2049338)"
801,"(33.9067911, -118.2070953)"
802,"(33.9307461, -118.1978187)"
803,"(33.9137373, -118.2698878)"
804,"(33.9309648, -118.337472)"
805,"(34.1927027, -118.3371348)"
806,"(34.5036784, -117.893287)"
807,"(33.8313093, -118.3040248)"
808,"(33.8313093, -118.3040248)"
809,"(34.0298052, -118.1436737)"
810,"(33.92463430000001, -118.2390083)"
811,"(34.0097516, -118.7993569)"
812,"(33.9752629, -118.3340834)"
813,"(33.91456400000001, -118.1688809)"
814,"(34.0268306, -118.1729445)"
815,"(34.0268306, -118.1729445)"
816,"(34.4319893, -118.5879439)"
817,"(33.9689656, -118.0733922)"
818,"(34.573708, -118.0844271)"
819,"(34.1312584, -118.3856752)"
820,"(34.6686882, -118.0750143)"
821,"(34.040907, -118.1762872)"
822,"(34.0082448, -118.0998536)"
823,"(34.0322678, -118.1874218)"
824,"(34.4158374, -118.5513449)"
825,"(34.2009763, -118.1884208)"
826,"(34.2009763, -118.1884208)"
827,"(34.1832549, -118.4469684)"
828,"(34.7046696, -118.1492055)"
829,"(33.9366161, -118.2959238)"
830,"(34.6743902, -118.162589)"
831,"(33.930592, -118.2159887)"
832,"(34.001926, -117.92801)"
833,"(34.7077311, -118.1418537)"
834,"(34.5790211, -118.0919785)"
835,"(34.5790211, -118.0919785)"
836,"(34.5790211, -118.0919785)"
837,"(34.6691956, -118.1567973)"
838,"(33.8923422, -118.2815885)"
839,"(33.8856649, -118.3247796)"
840,"(34.6977576, -118.1046587)"
841,"(34.0313894, -118.0083145)"
842,"(34.0133912, -118.1685596)"
843,"(33.9366536, -118.297083)"
844,"(33.89170319999999, -118.2030665)"
845,"(33.9754358, -118.0326913)"
846,"(34.0359226, -118.3669335)"
847,"(34.0359226, -118.3669335)"
848,"(33.903186, -118.1701429)"
849,"(33.8302832, -118.2919779)"
850,"(33.9382997, -118.2940063)"
851,"(33.9214169, -118.2319306)"
852,"(34.6912124, -118.191852)"
853,"(33.9170356, -118.0817528)"
854,"(33.9350462, -118.317779)"
855,"(33.9840992, -117.903909)"
856,"(33.9415994, -118.3534859)"
857,"(34.1873365, -118.1599916)"
858,"(33.8982803, -118.0885033)"
859,"(34.0362855, -118.1868678)"
860,"(33.9665541, -118.1764699)"
861,"(33.9237824, -117.9941256)"
862,"(33.9790125, -118.2539605)"
863,"(34.596909, -117.8325303)"
864,"(34.0336331, -117.9348418)"
865,"(34.0336331, -117.9348418)"
866,"(34.2952224, -118.4473188)"
867,"(33.8875641, -118.105908)"
868,"(34.5874888, -118.715368)"
869,"(34.0190131, -118.217366)"
870,"(34.0443733, -118.1732017)"
871,"(34.0443733, -118.1732017)"
872,"(34.5722593, -118.1254232)"
873,"(34.6893573, -118.1352186)"
874,"(34.8062424, -118.1537784)"
875,"(33.961488, -118.2822176)"
876,"(34.3721009, -118.570025)"
877,"(33.928135, -118.2526927)"
878,"(34.0003366, -118.0685825)"
879,"(34.052263, -118.090087)"
880,"(34.0150783, -118.1359752)"
881,"(34.0181831, -118.1477657)"
882,"(34.4401336, -118.2957846)"
883,"(34.0181831, -118.1477657)"
884,"(33.9232816, -118.2353998)"
885,"(33.9190513, -118.0548129)"
886,"(33.9467577, -118.1034922)"
887,"(33.8389648, -118.2215746)"
888,"(33.9625604, -118.2279386)"
889,"(34.3871821, -118.1122679)"
890,"(33.9061663, -118.0752209)"
891,"(33.9061663, -118.0752209)"
892,"(33.9204373, -118.0213188)"
893,"(33.9204373, -118.0213188)"
894,"(33.9204373, -118.0213188)"
895,"(33.8746802, -118.1513009)"
896,"(34.56709, -118.0064939)"
897,"(34.0133477, -117.9966299)"
898,"(34.0277871, -118.1696921)"
899,"(34.6898983, -118.1638779)"
900,"(33.892858, -118.2786981)"
901,"(33.9538791, -118.2430536)"
902,"(33.9382231, -118.3090478)"
903,"(34.6914718, -118.1353548)"
904,"(33.9294959, -118.2462691)"
905,"(33.8781056, -118.2207252)"
906,"(34.4266018, -118.5588922)"
907,"(34.0958872, -117.9253911)"
908,"(34.7043052, -118.0859635)"
909,"(33.9001107, -118.3091591)"
910,"(34.6029407, -118.385921)"
911,"(34.4127462, -118.5547791)"
912,"(34.0860517, -118.1782728)"
913,"(33.9834787, -118.1870573)"
914,"(33.8937976, -118.2601603)"
915,"(34.3871821, -118.1122679)"
